{
  "languages": [
    "osprey",
    "osprey-arc",
    "osprey-gc",
    "rust",
    "c",
    "csharp",
    "dart",
    "ocaml",
    "haskell",
    "osprey-wasm",
    "rust-wasm"
  ],
  "cases": {
    "binarytrees": {
      "osprey": {
        "status": "ok",
        "rss": 948961280,
        "mean": 0.5085455334000001,
        "stddev": 0.03225301799071079,
        "min": 0.477696208,
        "max": 0.551951417
      },
      "osprey-arc": {
        "status": "ok",
        "rss": 6193152,
        "mean": 1.7868689164,
        "stddev": 0.27653335059230594,
        "min": 1.440757708,
        "max": 2.020671625
      },
      "osprey-gc": {
        "status": "ok",
        "rss": 27820032,
        "mean": 2.513695008,
        "stddev": 0.06616493956178203,
        "min": 2.430449666,
        "max": 2.61431725
      },
      "rust": {
        "status": "ok",
        "rss": 2293760,
        "mean": 0.731585025,
        "stddev": 0.006049569240430028,
        "min": 0.722195542,
        "max": 0.7379172500000001
      },
      "c": {
        "status": "ok",
        "rss": 1769472,
        "mean": 0.35844171875,
        "stddev": 0.0017113112361448676,
        "min": 0.355405334,
        "max": 0.36022354100000004
      },
      "csharp": {
        "status": "ok",
        "rss": 16859136,
        "mean": 0.12556368540909094,
        "stddev": 0.001994295211843035,
        "min": 0.12369366600000001,
        "max": 0.133245959
      },
      "dart": {
        "status": "ok",
        "rss": 23576576,
        "mean": 0.12803135425000003,
        "stddev": 0.014175632766757706,
        "min": 0.12090075,
        "max": 0.19289475
      },
      "ocaml": {
        "status": "ok",
        "rss": 5406720,
        "mean": 0.05113387923728814,
        "stddev": 0.0008181793533420526,
        "min": 0.050230208000000005,
        "max": 0.055602250000000006
      },
      "haskell": {
        "status": "ok",
        "rss": 11567104,
        "mean": 0.015877937149171267,
        "stddev": 0.001111058321467547,
        "min": 0.013793083000000001,
        "max": 0.020728875
      },
      "osprey-wasm": {
        "status": "ok",
        "rss": 0,
        "mean": 0.5697457168000001,
        "stddev": 0.041947196667239825,
        "min": 0.534942166,
        "max": 0.631219292
      },
      "rust-wasm": {
        "status": "ok",
        "rss": 0,
        "mean": 0.9542115668000001,
        "stddev": 0.2859092463550521,
        "min": 0.81844925,
        "max": 1.465582417
      }
    }
  }
}